소재지,Latitude,Longitude,도로명,주택유형,건축년도,건축구조,전용면적,건축면적,연면적,대지면적
부산광역시 해운대구 중동 1500-9,35.1577521,129.179283,달맞이길117번가길 97,아파트,1991,철근콘크리트구조,234.51,529.02,3147.84,726.9
부산광역시 해운대구 중동 1499-16,35.1583076,129.1795198,달맞이길117번나길 15-17,다세대,1992,철근콘크리트구조,27,150.67,634.8,318.4
부산광역시 해운대구 중동 1499-4,35.1583541,129.1794002,달맞이길117번나길 15-19,다세대,1992,철근콘크리트구조,27,150.67,634.8,318.3
부산광역시 해운대구 중동 1493-21,35.1591882,129.1806999,달맞이길117번다길 130-1,단독주택,1985,벽돌구조,,96.87,157.9,0
부산광역시 해운대구 중동 1506-8,35.1606609,129.1765551,달맞이길117번다길 17,아파트,1991,철근콘크리트구조,141.6,564.46,3454.93,233.9
부산광역시 해운대구 중동 1405-10,35.1610181,129.1639395,해운대해변로 302,아파트,1975,철근콘크리트구조,32.69,253.42,1652.72,430
부산광역시 해운대구 중동 1405-10,35.1610181,129.1639395,해운대해변로 302,아파트,1975,철근콘크리트구조,30.05,253.42,1652.72,430
부산광역시 해운대구 중동 1405-10,35.1610181,129.1639395,해운대해변로 302,아파트,1975,철근콘크리트구조,32.69,253.42,1652.72,430
부산광역시 해운대구 중동 1405-10,35.1610181,129.1639395,해운대해변로 302,아파트,1975,철근콘크리트구조,30.05,253.42,1652.72,430
부산광역시 해운대구 중동 1405-10,35.1610181,129.1639395,해운대해변로 302,아파트,1975,철근콘크리트구조,32.69,253.42,1652.72,430
부산광역시 해운대구 중동 943-5,35.1609674,129.1710836,달맞이길62번길 6-10,단독주택,1974,블록구조,,55.07,55.07,99
부산광역시 해운대구 중동 1485-6,35.1608827,129.1811882,달맞이길117번라길 58,다세대,1980,벽돌구조,46.21,184.79,415.76,316.7
부산광역시 해운대구 중동 1484-19,35.1613727,129.1819849,달맞이길117번라길 76,단독주택,1988,벽돌구조,,99.63,126.35,276.4
부산광역시 해운대구 중동 1483-29,35.1614272,129.1827457,달맞이길117번다길 178,다세대,1991,철근콘크리트구조,20.12,162.98,580.63,297.5
부산광역시 해운대구 중동 1484-30,35.1617572,129.1826291,달맞이길117번다길 181,다세대,1991,벽돌구조,25.2,117.66,329.22,298.3
부산광역시 해운대구 중동 1484-7,35.1621306,129.1826499,달맞이길117번라길 96,다세대,1996,철근콘크리트구조,65.05,148.78,619.93,254.5
부산광역시 해운대구 중동 800-1,35.1624259,129.1720923,좌동순환로468번길 28-8,단독주택,1987,벽돌구조,,90.03,158.91,161
부산광역시 해운대구 우동 548-34,35.1626864,129.1605678,구남로21번길 11-6,단독주택,1985,블록구조,,83.24,83.24,145
부산광역시 해운대구 중동 1484-3,35.1623151,129.1831206,달맞이길117번다길 197,연립,1992,철근콘크리트구조,115.24,246.37,1288,528.3
부산광역시 해운대구 우동 613-3,35.1627639,129.1606717,구남로21번길 13-5,단독주택,1985,블록구조,,36,36,56
부산광역시 해운대구 중동 1158-2,35.1626459,129.1679058,달맞이길 29-15,단독주택,1968,블록구조,,43.47,43.47,86
부산광역시 해운대구 중동 794,35.1628085,129.173208,,단독주택,1953,일반목구조,,26.45,26.45,182
부산광역시 해운대구 중동 849,35.1631352,129.1741582,좌동순환로468번길 65-1,단독주택,1953,시멘트블럭조,,0,108.95,215
부산광역시 해운대구 중동 1221-1,35.163427,129.1669322,해운대해변로 339-5,다세대,2000,철근콘크리트구조,39,189.85,659.18,256
부산광역시 해운대구 중동 831,35.1634817,129.1726901,좌동순환로468번나길 9-9,단독주택,1969,시멘트블럭조,,0,54.6,132
부산광역시 해운대구 중동 1214-2,35.1636606,129.1669976,해운대해변로 339-9,단독주택,1938,일반목구조,,52.89,52.89,250
부산광역시 해운대구 중동 1477-4,35.1633009,129.1843717,달맞이길117번나길 175-19,다세대,1997,철근콘크리트구조,25.86,146.94,643.35,283.9
부산광역시 해운대구 중동 1477-4,35.1633009,129.1843717,달맞이길117번나길 175-19,다세대,1997,철근콘크리트구조,25.86,146.94,643.35,283.9
부산광역시 해운대구 중동 1376-15,35.1642022,129.1640122,중동2로24번길 3-6,단독주택,1974,벽돌구조,,70.4,124.28,155.9
부산광역시 해운대구 중동 1376-19,35.1642595,129.1638994,중동2로26번길 6,다가구주택,1976,블록구조,,78.58,144.14,155
부산광역시 해운대구 중동 1679,35.1644348,129.1626235,중동1로17번길 32-13,단독주택,1974,블록구조,,25.78,25.78,65.2
부산광역시 해운대구 중동 1645,35.1644369,129.1638431,중동2로26번길 11,단독주택,1997,기타조적구조,,66.2,132.4,89
부산광역시 해운대구 중동 1266-4,35.164474,129.1676204,해운대해변로351번길 17,단독주택,1969,블록구조,,49.59,49.59,86
부산광역시 해운대구 중동 1266-1,35.1645226,129.1677951,해운대해변로351번길 21,단독주택,1970,블록구조,,56.66,56.66,205
부산광역시 해운대구 중동 1661,35.164654,129.162976,중동2로 31-8,단독주택,1971,블록구조,,26.45,26.45,63.6
부산광역시 해운대구 중동 1271-60,35.1646166,129.1686366,해운대해변로359번길 13-1,단독주택,1985,블록구조,,26.25,29.25,30
부산광역시 해운대구 중동 1271-65,35.1646334,129.1685509,해운대해변로357번길 10-5,단독주택,1973,블록구조,,56.08,56.08,107
부산광역시 해운대구 중동 1637,35.1648029,129.163657,중동2로26번길 15-8,단독주택,1968,벽돌구조,,48.79,48.79,149
부산광역시 해운대구 중동 1365-1,35.1651608,129.1644756,중동2로34번길 24,단독주택,1978,블록구조,,86.78,128,437
부산광역시 해운대구 우동 460-55,35.1653917,129.1564748,우동1로49번길 17-6,단독주택,1974,블록구조,,55.2,55.2,139
부산광역시 해운대구 우동 460-40,35.1654877,129.157072,우동1로 45-8,단독주택,1971,블록구조,,42.98,42.98,64
부산광역시 해운대구 우동 460-65,35.1655392,129.157193,우동1로 45-6,단독주택,1976,블록구조,,81.98,81.98,165
부산광역시 해운대구 우동 520-46,35.1658426,129.1583074,우동1로20번가길 19-13,단독주택,1975,블록구조,,59.05,59.05,119
부산광역시 해운대구 우동 458-1,35.1661307,129.1573636,우동1로 53,다세대,1979,철근콘크리트구조,56.1,224.46,588.02,449
부산광역시 해운대구 우동 397-39,35.1663396,129.1569673,우동1로49번가길 13-1,단독주택,1974,블록구조,,59.5,59.5,99
부산광역시 해운대구 우동 397-38,35.166342,129.1571567,우동1로49번가길 16,단독주택,1985,블록구조,,29.6,29.6,30
부산광역시 해운대구 우동 397-97,35.1663999,129.1571474,우동1로49번가길 17,단독주택,1973,블록구조,,23.14,23.14,63
부산광역시 해운대구 우동 397-58,35.1664462,129.1570634,우동1로49번가길 15-4,단독주택,1973,블록구조,,33.06,33.06,83
부산광역시 해운대구 우동 397-53,35.1665914,129.1565881,우동1로49번가길 15-13,단독주택,1972,블록구조,,42.98,42.98,99
부산광역시 해운대구 우동 446-6,35.1665563,129.1595221,우동1로38번길 31-12,단독주택,1974,블록구조,,47.08,47.08,106
부산광역시 해운대구 중동 1550,35.1666372,129.1642955,우동3로 6-27,단독주택,1969,블록구조,,41.98,41.98,102
부산광역시 해운대구 우동 397-92,35.1673656,129.1569856,우동1로 69-4,단독주택,1985,블록구조,,104.94,104.94,66
부산광역시 해운대구 우동 178-9,35.1673628,129.1611478,우동2로30번가길 10-7,단독주택,1991,벽돌구조,,46.61,89.44,108
부산광역시 해운대구 우동 161,35.1673961,129.1598726,우동2로32번길 2-6,단독주택,1992,기타조적구조,,28.22,56.44,53
부산광역시 해운대구 우동 179-6,35.1673751,129.1613648,우동2로30번가길 20-13,단독주택,1969,벽돌구조,,49.59,49.59,99
부산광역시 해운대구 우동 179-10,35.167377,129.161553,우동2로30번가길 20-7,단독주택,1973,블록구조,,38.02,38.02,93
부산광역시 해운대구 우동 398-18,35.1675158,129.1582702,우동1로20번가길 60-8,단독주택,1992,기타조적구조,,66.72,131.67,112.27
부산광역시 해운대구 우동 198-9,35.1677076,129.162735,우동3로11번길 8-10,단독주택,1973,블록구조,,49.59,68.76,155
부산광역시 해운대구 우동 387-1,35.1678251,129.1563366,우동1로71번길 20,연립,1992,철근콘크리트구조,27.34,227.3,1147.23,393
부산광역시 해운대구 우동 232-28,35.16781,129.1601524,우동2로30번길 17-13,단독주택,1976,블록구조,,56.2,56.2,152
부산광역시 해운대구 우동 232-18,35.1678314,129.1602768,우동2로30번길 17-11,다세대,1979,블록구조,49.65,99.3,198.6,166
부산광역시 해운대구 우동 232-18,35.1678314,129.1602768,우동2로30번길 17-11,다세대,1979,블록구조,49.65,99.3,198.6,166
부산광역시 해운대구 우동 1074-8,35.1686544,129.1403088,해운대로391번길 24-1,단독주택,1974,블록구조,,67.21,67.21,126
부산광역시 해운대구 우동 1074-3,35.1686957,129.1404081,해운대로391번길 24,단독주택,1974,블록구조,,64.46,64.46,122
부산광역시 해운대구 우동 1074-4,35.1687383,129.1402735,해운대로391번길 22,단독주택,1970,블록구조,,46.61,46.61,149
부산광역시 해운대구 우동 1087-22,35.168824,129.1401491,해운대로391번길 18,단독주택,1985,블록구조,,27,54,60
부산광역시 해운대구 우동 1087-20,35.1688374,129.1399213,해운대로391번길 10-3,단독주택,1985,블록구조,,34.2,34.2,56
부산광역시 해운대구 우동 248-6,35.1684552,129.1612345,우동2로32번길 48-6,연립,1980,벽돌구조,64.1,316.26,797.1,532
부산광역시 해운대구 우동 238,35.1685509,129.1599377,우동2로32번길 43-11,다세대,1993,철근콘크리트구조,61.82,324.29,1269.89,558.58
부산광역시 해운대구 우동 374-1,35.1688334,129.1551274,우동1로85번길 28-13,단독주택,1969,벽돌구조,,36.69,36.69,116
부산광역시 해운대구 우동 1087-58,35.1691772,129.1399929,해운대로391번길 11-10,단독주택,1985,블록구조,,12.495,12.495,13
부산광역시 해운대구 중동 1333-2,35.1687827,129.1688124,좌동순환로8번길 45-8,단독주택,1975,블록구조,,65.94,65.94,126
부산광역시 해운대구 우동 1087-41,35.1693185,129.1398297,해운대로391번길 11-34,단독주택,1971,블록구조,,34.71,34.71,46
부산광역시 해운대구 우동 241-12,35.1690291,129.1607538,우동2로32번길 55-4,다가구주택,1991,벽돌구조,,69.2,130.58,116
부산광역시 해운대구 우동 391-29,35.1692714,129.1572158,우동2로60번길 17,다가구주택,1994,철근콘크리트구조,,116.52,286.4,588
부산광역시 해운대구 우동 251-5,35.169244,129.1611688,우동2로30번길 69-5,단독주택,1969,블록구조,,49.59,49.59,136
부산광역시 해운대구 우동 210-21,35.169242,129.1615885,우동3로11번가길 21,단독주택,1979,블록구조,,64.72,64.72,132
부산광역시 해운대구 우동 251-13,35.1692846,129.1609527,우동2로30번길 77-6,다세대,1997,기타조적구조,54.24,80.75,195.36,155
부산광역시 해운대구 우동 267-20,35.1695961,129.1630524,우동3로11번길 30-13,단독주택,1982,블록구조,,72.83,72.83,126
부산광역시 해운대구 우동 258-2,35.169709,129.1614788,우동3로11번가길 36,단독주택,1978,블록구조,,56.62,56.62,101
부산광역시 해운대구 우동 264-1,35.1698403,129.1619727,우동3로11번가길 51,단독주택,1973,블록구조,,62.99,111.05,136
부산광역시 해운대구 우동 265-17,35.1703911,129.1615512,우동2로30번길 106,다가구주택,1988,벽돌구조,,112.27,198.91,296
부산광역시 해운대구 우동 1214-11,35.1720298,129.1337223,해운대로 327,단독주택,1980,블록구조,,49.59,49.59,70
부산광역시 해운대구 우동 1215-8,35.1720747,129.1338453,해운대로 329-3,단독주택,1977,블록구조,,50.98,75.61,109
부산광역시 해운대구 우동 1215-14,35.1720938,129.1340243,해운대로 329-5,단독주택,1975,벽돌구조,,65.97,98.03,126
부산광역시 해운대구 우동 1207-8,35.1735636,129.1330698,해운대로295번길 50,단독주택,1975,블록구조,,51.13,51.13,238
부산광역시 해운대구 우동 1209-1,35.1736774,129.1336738,해운대로295번길 67-13,단독주택,1979,블록구조,,62.11,62.11,110
부산광역시 해운대구 우동 1206,35.1737976,129.1324067,해운대로295번가길 12-3,단독주택,1978,블록구조,,69.87,105.27,142
부산광역시 해운대구 우동 1209-39,35.1738233,129.133776,해운대로295번길 49-12,다가구주택,1989,벽돌구조,,65.49,122.67,114
부산광역시 해운대구 우동 1204-6,35.1739738,129.1332684,해운대로295번길 43-3,단독주택,1978,시멘트블럭조,,0,128.27,177
부산광역시 해운대구 우동 1202-8,35.1742052,129.1335026,해운대로295번길 31-4,연립,1979,블록구조,46.91,333.54,737.23,609
부산광역시 해운대구 우동 1200-7,35.1745335,129.1327532,해운대로295번길 21,단독주택,1974,블록구조,,50.57,50.57,76
부산광역시 해운대구 우동 1200-3,35.1746658,129.13264,해운대로295번길 17-1,단독주택,1993,기타조적구조,,65.1,120.3,109
부산광역시 해운대구 우동 1108-28,35.1759012,129.1411361,해운대로383번길 162-5,단독주택,1985,블록구조,,39,39,76
부산광역시 해운대구 재송동 557-4,35.1808523,129.125351,해운대로 197-27,단독주택,1977,블록구조,,50.93,50.93,99
부산광역시 해운대구 재송동 548,35.1816933,129.1251681,해운대로191번길 27,단독주택,1981,벽돌구조,,104.46,136.89,320
부산광역시 해운대구 재송동 546-5,35.1818053,129.1253624,해운대로191번길 31-4,단독주택,1977,블록구조,,60.2,60.2,103
부산광역시 해운대구 재송동 546-6,35.1818747,129.1254413,해운대로191번길 33,단독주택,1977,블록구조,,63.2,63.2,119
부산광역시 해운대구 송정동 159-16,35.1806988,129.1994881,송정중앙로6번길 76,단독주택,1978,블록구조,,72.11,72.11,141
부산광역시 해운대구 재송동 422,35.1821214,129.1245843,재반로11번길 68-5,단독주택,1984,블록구조,,44.81,44.81,63
부산광역시 해운대구 재송동 421,35.1822525,129.1246875,재반로11번길 68-7,단독주택,1975,블록구조,,35.29,35.29,278
부산광역시 해운대구 재송동 530-1,35.1822189,129.125716,재반로27번길 30-5,단독주택,1973,블록구조,,41.32,41.32,112
부산광역시 해운대구 송정동 299-16,35.1816473,129.2012513,송정중앙로8번길 51-13,단독주택,1970,블록구조,,41.98,41.98,162
부산광역시 해운대구 재송동 491-3,35.1832937,129.1260196,재반로 49-26,단독주택,1985,블록구조,,36,36,60
부산광역시 해운대구 송정동 194-5,35.1838668,129.2049546,송정중앙로33번길 35,다가구주택,1991,벽돌구조,,93.06,164.88,156
부산광역시 해운대구 재송동 151-3,35.1852603,129.1278986,재반로64번길 36-6,다가구주택,1989,벽돌구조,,78.35,131.97,135
부산광역시 해운대구 재송동 1119-40,35.1861444,129.1265418,재반로64번가길 32-1,단독주택,1988,벽돌구조,,109.44,196.71,217.1
부산광역시 해운대구 송정동 192-1,35.1849358,129.2037937,송정중앙로15번길 42,다세대,1980,블록구조,62.38,184.79,444.39,665.5
부산광역시 해운대구 송정동 192-1,35.1849358,129.2037937,송정중앙로15번길 42,다세대,1980,블록구조,62.38,184.79,444.39,665.5
부산광역시 해운대구 재송동 1123-18,35.1873985,129.1290753,재반로84번길 76-8,다세대,1996,철근콘크리트구조,37.09,99.28,460.97,180.3
부산광역시 해운대구 재송동 1123-18,35.1873985,129.1290753,재반로84번길 76-8,다세대,1996,철근콘크리트구조,42.82,99.28,460.97,180.3
부산광역시 해운대구 재송동 1074-2,35.1875432,129.12199,재송1로20번길 5,다가구주택,1985,벽돌구조,,81.24,143.97,139.6
부산광역시 해운대구 재송동 900-94,35.1876273,129.1187842,해운대로108번길 39,단독주택,1973,블록구조,,44.63,44.63,137
부산광역시 해운대구 재송동 210-16,35.1880013,129.1224092,재송1로 27-1,단독주택,1996,기타조적구조,,98.61,161.45,167.9
부산광역시 해운대구 재송동 1060-15,35.1885325,129.1252911,재반로 109-28,다가구주택,1987,벽돌구조,,53.98,93.03,93.49
부산광역시 해운대구 재송동 939-9,35.1901738,129.1174849,해운대로76번길 48-9,단독주택,1976,벽돌구조,,70.08,70.08,145
부산광역시 해운대구 재송동 1159-5,35.1904034,129.132536,재송2로 196,연립,1993,철근콘크리트구조,106.23,334.88,1596.6,568.3
부산광역시 해운대구 재송동 1039-19,35.192151,129.125589,해운대로81번가길 38-16,단독주택,1991,철근콘크리트구조,,61.92,147.2,104.9
부산광역시 해운대구 재송동 1026-7,35.192529,129.1234395,해운대로61번가길 50,단독주택,1988,벽돌구조,,91.62,212.88,158
부산광역시 해운대구 재송동 1026-1,35.1925551,129.1237997,재반로165번길 82,아파트,1981,철근콘크리트구조,46.94,326.68,1681.33,7156.7
부산광역시 해운대구 재송동 1026-1,35.1925551,129.1237997,재반로165번길 82,아파트,1981,철근콘크리트구조,43.9,411.24,2099.51,7156.7
부산광역시 해운대구 재송동 1026-1,35.1925551,129.1237997,재반로165번길 82,아파트,1981,철근콘크리트구조,43.9,411.24,2229.42,7156.7
부산광역시 해운대구 재송동 1026-1,35.1925551,129.1237997,재반로165번길 82,아파트,1981,철근콘크리트구조,46.94,435.57,2273.72,7156.7
부산광역시 해운대구 재송동 1026-1,35.1925551,129.1237997,재반로165번길 82,아파트,1981,철근콘크리트구조,46.94,435.57,2273.72,7156.7
부산광역시 해운대구 재송동 1026-1,35.1925551,129.1237997,재반로165번길 82,아파트,1981,철근콘크리트구조,46.94,435.57,2273.72,7156.7
부산광역시 해운대구 재송동 1026-1,35.1925551,129.1237997,재반로165번길 82,아파트,1981,철근콘크리트구조,43.9,308.43,1585.45,7156.7
부산광역시 해운대구 재송동 1026-1,35.1925551,129.1237997,재반로165번길 82,아파트,1981,철근콘크리트구조,46.94,326.68,1681.33,7156.7
부산광역시 해운대구 재송동 1026-1,35.1925551,129.1237997,재반로165번길 82,아파트,1981,철근콘크리트구조,43.9,411.24,2099.51,7156.7
부산광역시 해운대구 재송동 1026-1,35.1925551,129.1237997,재반로165번길 82,아파트,1981,철근콘크리트구조,43.9,411.24,2099.51,7156.7
부산광역시 해운대구 재송동 1026-1,35.1925551,129.1237997,재반로165번길 82,아파트,1981,철근콘크리트구조,43.9,411.24,2229.42,7156.7
부산광역시 해운대구 재송동 1026-1,35.1925551,129.1237997,재반로165번길 82,아파트,1981,철근콘크리트구조,43.9,411.24,2229.42,7156.7
부산광역시 해운대구 재송동 1026-1,35.1925551,129.1237997,재반로165번길 82,아파트,1981,철근콘크리트구조,43.9,411.24,2229.42,7156.7
부산광역시 해운대구 재송동 1026-1,35.1925551,129.1237997,재반로165번길 82,아파트,1981,철근콘크리트구조,46.94,326.68,1681.33,7156.7
부산광역시 해운대구 재송동 1026-1,35.1925551,129.1237997,재반로165번길 82,아파트,1981,철근콘크리트구조,43.9,308.43,1585.45,7156.7
부산광역시 해운대구 재송동 1152-36,35.1924255,129.1316116,재송2로 53,다세대,1992,철근콘크리트구조,41.16,104.06,535.18,174.6
부산광역시 해운대구 재송동 179-40,35.1929251,129.123383,해운대로61번길 36,단독주택,1974,철근콘크리트구조,,39.67,39.67,2000
부산광역시 해운대구 재송동 1150-5,35.1933874,129.1304262,재반로 182,연립,1981,철근콘크리트구조,42.12,285.09,997.3,1956.8
부산광역시 해운대구 재송동 1150-5,35.1933874,129.1304262,재반로 182,연립,1981,철근콘크리트구조,42.12,285.09,997.3,1956.8
부산광역시 해운대구 재송동 1167,35.1937057,129.1334754,재송2로89번길 21,다세대,1993,철근콘크리트구조,53.07,128.71,618.05,214.9
부산광역시 해운대구 반여동 1480-5,35.194087,129.1188208,반여로 12,단독주택,1977,블록구조,,103.8,193.29,248
부산광역시 해운대구 재송동 1030,35.1940558,129.1261341,해운대로61번길 62-7,아파트,1980,철근콘크리트구조,40.13,459.17,2339.49,7662.7
부산광역시 해운대구 재송동 1030,35.1940558,129.1261341,해운대로61번길 62-7,아파트,1980,철근콘크리트구조,40.13,459.17,2339.49,7662.7
부산광역시 해운대구 재송동 1030,35.1940558,129.1261341,해운대로61번길 62-7,아파트,1980,철근콘크리트구조,40.13,459.17,2339.49,7662.7
부산광역시 해운대구 재송동 1030,35.1940558,129.1261341,해운대로61번길 62-7,아파트,1980,철근콘크리트구조,40.13,367.34,1880.34,7662.7
부산광역시 해운대구 재송동 1030,35.1940558,129.1261341,해운대로61번길 62-7,아파트,1980,철근콘크리트구조,40.13,367.34,1880.34,7662.7
부산광역시 해운대구 재송동 1030,35.1940558,129.1261341,해운대로61번길 62-7,아파트,1980,철근콘크리트구조,40.13,459.17,2339.49,7662.7
부산광역시 해운대구 재송동 1030,35.1940558,129.1261341,해운대로61번길 62-7,아파트,1980,철근콘크리트구조,40.13,459.17,2339.49,7662.7
부산광역시 해운대구 재송동 1030,35.1940558,129.1261341,해운대로61번길 62-7,아파트,1980,철근콘크리트구조,40.13,459.17,2339.49,7662.7
부산광역시 해운대구 재송동 1030,35.1940558,129.1261341,해운대로61번길 62-7,아파트,1980,철근콘크리트구조,40.13,459.17,2339.49,7662.7
부산광역시 해운대구 재송동 1030,35.1940558,129.1261341,해운대로61번길 62-7,아파트,1980,철근콘크리트구조,40.13,275.5,1421.14,7662.7
부산광역시 해운대구 재송동 1030,35.1940558,129.1261341,해운대로61번길 62-7,아파트,1980,철근콘크리트구조,40.13,367.34,1880.34,7662.7
부산광역시 해운대구 재송동 1030,35.1940558,129.1261341,해운대로61번길 62-7,아파트,1980,철근콘크리트구조,40.13,459.17,2339.49,7662.7
부산광역시 해운대구 재송동 1030,35.1940558,129.1261341,해운대로61번길 62-7,아파트,1980,철근콘크리트구조,40.13,459.17,2339.49,7662.7
부산광역시 해운대구 재송동 1030,35.1940558,129.1261341,해운대로61번길 62-7,아파트,1980,철근콘크리트구조,40.13,459.17,2339.49,7662.7
부산광역시 해운대구 재송동 1030,35.1940558,129.1261341,해운대로61번길 62-7,아파트,1980,철근콘크리트구조,40.13,459.17,2339.49,7662.7
부산광역시 해운대구 재송동 1030,35.1940558,129.1261341,해운대로61번길 62-7,아파트,1980,철근콘크리트구조,40.13,459.17,2339.49,7662.7
부산광역시 해운대구 재송동 1030,35.1940558,129.1261341,해운대로61번길 62-7,아파트,1980,철근콘크리트구조,40.13,275.5,1421.14,7662.7
부산광역시 해운대구 재송동 1030,35.1940558,129.1261341,해운대로61번길 62-7,아파트,1980,철근콘크리트구조,40.13,275.5,1421.14,7662.7
부산광역시 해운대구 재송동 1030,35.1940558,129.1261341,해운대로61번길 62-7,아파트,1980,철근콘크리트구조,40.13,275.5,1421.14,7662.7
부산광역시 해운대구 재송동 1030,35.1940558,129.1261341,해운대로61번길 62-7,아파트,1980,철근콘크리트구조,40.13,275.5,1421.14,7662.7
부산광역시 해운대구 재송동 1030,35.1940558,129.1261341,해운대로61번길 62-7,아파트,1980,철근콘크리트구조,40.13,459.17,2339.49,7662.7
부산광역시 해운대구 재송동 1030,35.1940558,129.1261341,해운대로61번길 62-7,아파트,1980,철근콘크리트구조,40.13,459.17,2339.49,7662.7
부산광역시 해운대구 재송동 1030,35.1940558,129.1261341,해운대로61번길 62-7,아파트,1980,철근콘크리트구조,40.13,459.17,2339.49,7662.7
부산광역시 해운대구 재송동 1030,35.1940558,129.1261341,해운대로61번길 62-7,아파트,1980,철근콘크리트구조,40.13,367.34,1880.34,7662.7
부산광역시 해운대구 재송동 1030,35.1940558,129.1261341,해운대로61번길 62-7,아파트,1980,철근콘크리트구조,40.13,367.34,1880.34,7662.7
부산광역시 해운대구 재송동 1030,35.1940558,129.1261341,해운대로61번길 62-7,아파트,1980,철근콘크리트구조,40.13,459.17,2339.49,7662.7
부산광역시 해운대구 재송동 1030,35.1940558,129.1261341,해운대로61번길 62-7,아파트,1980,철근콘크리트구조,40.13,459.17,2339.49,7662.7
부산광역시 해운대구 재송동 1030,35.1940558,129.1261341,해운대로61번길 62-7,아파트,1980,철근콘크리트구조,40.13,459.17,2339.49,7662.7
부산광역시 해운대구 재송동 1030,35.1940558,129.1261341,해운대로61번길 62-7,아파트,1980,철근콘크리트구조,40.13,275.5,1421.14,7662.7
부산광역시 해운대구 재송동 1030,35.1940558,129.1261341,해운대로61번길 62-7,아파트,1980,철근콘크리트구조,40.13,367.34,1880.34,7662.7
부산광역시 해운대구 재송동 1030,35.1940558,129.1261341,해운대로61번길 62-7,아파트,1980,철근콘크리트구조,40.13,367.34,1880.34,7662.7
부산광역시 해운대구 재송동 1030,35.1940558,129.1261341,해운대로61번길 62-7,아파트,1980,철근콘크리트구조,40.13,459.17,2339.49,7662.7
부산광역시 해운대구 재송동 1030,35.1940558,129.1261341,해운대로61번길 62-7,아파트,1980,철근콘크리트구조,40.13,459.17,2339.49,7662.7
부산광역시 해운대구 재송동 1030,35.1940558,129.1261341,해운대로61번길 62-7,아파트,1980,철근콘크리트구조,40.13,459.17,2339.49,7662.7
부산광역시 해운대구 재송동 1030,35.1940558,129.1261341,해운대로61번길 62-7,아파트,1980,철근콘크리트구조,40.13,459.17,2339.49,7662.7
부산광역시 해운대구 재송동 1030,35.1940558,129.1261341,해운대로61번길 62-7,아파트,1980,철근콘크리트구조,40.13,459.17,2339.49,7662.7
부산광역시 해운대구 재송동 1030,35.1940558,129.1261341,해운대로61번길 62-7,아파트,1980,철근콘크리트구조,40.13,459.17,2339.49,7662.7
부산광역시 해운대구 재송동 1030,35.1940558,129.1261341,해운대로61번길 62-7,아파트,1980,철근콘크리트구조,40.13,459.17,2339.49,7662.7
부산광역시 해운대구 재송동 1030,35.1940558,129.1261341,해운대로61번길 62-7,아파트,1980,철근콘크리트구조,40.13,459.17,2339.49,7662.7
부산광역시 해운대구 재송동 1030,35.1940558,129.1261341,해운대로61번길 62-7,아파트,1980,철근콘크리트구조,40.13,459.17,2339.49,7662.7
부산광역시 해운대구 재송동 1030,35.1940558,129.1261341,해운대로61번길 62-7,아파트,1980,철근콘크리트구조,40.13,459.17,2339.49,7662.7
부산광역시 해운대구 재송동 1030,35.1940558,129.1261341,해운대로61번길 62-7,아파트,1980,철근콘크리트구조,40.13,459.17,2339.49,7662.7
부산광역시 해운대구 재송동 1030,35.1940558,129.1261341,해운대로61번길 62-7,아파트,1980,철근콘크리트구조,40.13,459.17,2339.49,7662.7
부산광역시 해운대구 재송동 1030,35.1940558,129.1261341,해운대로61번길 62-7,아파트,1980,철근콘크리트구조,40.13,367.34,1880.34,7662.7
부산광역시 해운대구 재송동 1030,35.1940558,129.1261341,해운대로61번길 62-7,아파트,1980,철근콘크리트구조,40.13,367.34,1880.34,7662.7
부산광역시 해운대구 재송동 1030,35.1940558,129.1261341,해운대로61번길 62-7,아파트,1980,철근콘크리트구조,40.13,367.34,1880.34,7662.7
부산광역시 해운대구 재송동 1030,35.1940558,129.1261341,해운대로61번길 62-7,아파트,1980,철근콘크리트구조,40.13,459.17,2339.49,7662.7
부산광역시 해운대구 재송동 1030,35.1940558,129.1261341,해운대로61번길 62-7,아파트,1980,철근콘크리트구조,40.13,459.17,2339.49,7662.7
부산광역시 해운대구 재송동 1030,35.1940558,129.1261341,해운대로61번길 62-7,아파트,1980,철근콘크리트구조,40.13,459.17,2339.49,7662.7
부산광역시 해운대구 재송동 1030,35.1940558,129.1261341,해운대로61번길 62-7,아파트,1980,철근콘크리트구조,40.13,459.17,2339.49,7662.7
부산광역시 해운대구 재송동 1030,35.1940558,129.1261341,해운대로61번길 62-7,아파트,1980,철근콘크리트구조,40.13,459.17,2339.49,7662.7
부산광역시 해운대구 재송동 1030,35.1940558,129.1261341,해운대로61번길 62-7,아파트,1980,철근콘크리트구조,40.13,459.17,2339.49,7662.7
부산광역시 해운대구 재송동 1030,35.1940558,129.1261341,해운대로61번길 62-7,아파트,1980,철근콘크리트구조,40.13,459.17,2339.49,7662.7
부산광역시 해운대구 재송동 1030,35.1940558,129.1261341,해운대로61번길 62-7,아파트,1980,철근콘크리트구조,40.13,459.17,2339.49,7662.7
부산광역시 해운대구 재송동 1030,35.1940558,129.1261341,해운대로61번길 62-7,아파트,1980,철근콘크리트구조,40.13,459.17,2339.49,7662.7
부산광역시 해운대구 재송동 1030,35.1940558,129.1261341,해운대로61번길 62-7,아파트,1980,철근콘크리트구조,40.13,459.17,2339.49,7662.7
부산광역시 해운대구 재송동 1030,35.1940558,129.1261341,해운대로61번길 62-7,아파트,1980,철근콘크리트구조,40.13,367.34,1880.34,7662.7
부산광역시 해운대구 재송동 1030,35.1940558,129.1261341,해운대로61번길 62-7,아파트,1980,철근콘크리트구조,40.13,367.34,1880.34,7662.7
부산광역시 해운대구 반여동 1291-974,35.1941774,129.1316411,재반로196번길 22-34,단독주택,1973,시멘트블럭조,,0,26.45,112
부산광역시 해운대구 반여동 1291-1180,35.1943234,129.1275614,해운대로61번길 84-50,다세대,1997,기타조적구조,35.8,85.63,338.39,106
부산광역시 해운대구 반여동 1291-1115,35.1944788,129.1285943,해운대로61번길 92-29,다세대,1994,철근콘크리트구조,42.18,97.5,415.26,116
부산광역시 해운대구 반여동 1291-1095,35.1944987,129.1290198,해운대로61번길 96-25,다세대,1993,철근콘크리트구조,37.035,98.8,443.96,116
부산광역시 해운대구 반여동 1291-1095,35.1944987,129.1290198,해운대로61번길 96-25,다세대,1993,철근콘크리트구조,37.035,98.8,443.96,116
부산광역시 해운대구 반여동 1291-1211,35.1946776,129.1266729,해운대로61번길 72-25,단독주택,1983,블록구조,,56.44,109.12,96
부산광역시 해운대구 반여동 1477-1,35.1949172,129.1174162,선수촌로21번길 31,아파트,1979,철근콘크리트구조,65.16,4123.64,22903.16,32359
부산광역시 해운대구 반여동 1291-699,35.194862,129.1319818,재반로196번길 21-18,다세대,1996,기타조적구조,39.11,90.52,357.7,102
부산광역시 해운대구 반여동 1291-1368,35.1949503,129.1302763,해운대로61번길 107-10,다세대,1995,철근콘크리트구조,46.17,102.24,477.36,117
부산광역시 해운대구 반여동 1291-775,35.1949378,129.1311879,재반로196번길 7-18,다세대,1995,기타조적구조,36.8,97.28,459.24,116
부산광역시 해운대구 반여동 1291-693,35.1950526,129.1320135,재반로196번길 21-34,다세대,1994,기타조적구조,37.19,86.62,385.14,106
부산광역시 해운대구 반여동 1291-1366,35.1950948,129.1303006,해운대로61번길 107-18,다세대,1995,기타조적구조,39.18,104.34,468.06,117
부산광역시 해운대구 반여동 1329-10,35.1954993,129.120554,반여로 33-1,단독주택,1982,블록구조,,32.54,62.99,43
부산광역시 해운대구 반여동 1291-721,35.1954234,129.1316849,재반로196번길 13-58,다세대,1994,기타조적구조,43.05,96,453.92,109
부산광역시 해운대구 반여동 1329-13,35.1956348,129.1203581,반여로27번길 2-42,다가구주택,1990,벽돌구조,,39.36,76.29,81
부산광역시 해운대구 반여동 1291-870,35.1956182,129.1297652,해운대로61번길 103-53,다세대,1994,기타조적구조,42.84,42.84,169.32,54.5
부산광역시 해운대구 반여동 1351,35.1958001,129.1192256,반여로27번길 22-3,단독주택,1973,시멘트블럭조,,0,127.93,212
부산광역시 해운대구 반여동 1330-27,35.1958718,129.1207585,반여로41번길 7,단독주택,1978,블록구조,,75.96,75.96,278
부산광역시 해운대구 반여동 1291-823,35.1957173,129.1304047,해운대로61번길 107-66,다세대,1995,기타조적구조,37.46,91.88,413.67,109
부산광역시 해운대구 반여동 1291-749,35.1958129,129.1313383,재반로196번길 7-84,다가구주택,1992,기타조적구조,,42.39,162.88,56
부산광역시 해운대구 반여동 1291-709,35.1958333,129.1317533,재반로196번길 13-86,다세대,1993,철근콘크리트구조,41.42,92.3,409.18,109
부산광역시 해운대구 송정동 84-3,35.1945629,129.2068909,송정2로23번길 42,다세대,2002,철근콘크리트구조,76.17,171.56,659.28,351.1
부산광역시 해운대구 반여동 1291-581,35.1967639,129.1302038,재반로211번길 16-46,다세대,1995,기타조적구조,44.99,95.36,449.56,109
부산광역시 해운대구 반여동 1291-655,35.1967799,129.1294194,재반로211번길 28-42,다세대,1995,기타조적구조,50.84,112.48,445.48,132
부산광역시 해운대구 반여동 1291-409,35.1968944,129.1323297,재반로212번길 21-74,다세대,1994,철근콘크리트구조,40.825,95.36,376.97,116
부산광역시 해운대구 반여동 1291-609,35.1970787,129.1298454,재반로211번길 22-66,다세대,1995,기타조적구조,38.9,87.04,344.08,106
부산광역시 해운대구 반여동 1291-570,35.1971477,129.1304322,재반로211번길 8-77,다세대,1994,기타조적구조,39.81,88.2,348.6,109
부산광역시 해운대구 반여동 1291-510,35.197155,129.1313592,재반로212번길 7-81,다세대,1997,기타조적구조,41.07,90.72,358.56,109
부산광역시 해운대구 반여동 1291-641,35.1972364,129.1296646,재반로211번길 22-77,다세대,1996,기타조적구조,39.45,47.25,186.75,56
부산광역시 해운대구 반여동 1291-128,35.1975365,129.1326092,재반로226번길 33-2,다세대,1994,기타조적구조,38.43,89.46,353.58,112.8
부산광역시 해운대구 반여동 1291-128,35.1975365,129.1326092,재반로226번길 33-2,다세대,1994,기타조적구조,38.43,89.46,353.58,112.8
부산광역시 해운대구 반여동 1291-194,35.1975623,129.1318123,재반로226번길 13-17,다세대,1996,기타조적구조,40.03,92.61,366.03,112
부산광역시 해운대구 반여동 1291-252,35.1976869,129.1307351,재반로225번길 8-18,다세대,1994,기타조적구조,42.84,94.5,373.5,119
부산광역시 해운대구 반여동 1291-281,35.197872,129.1303817,재반로225번길 16-30,다세대,1994,기타조적구조,42.21,43.51,169.46,64.5
부산광역시 해운대구 반여동 1291-361,35.1979535,129.1296143,재반로225번길 28-32,다세대,1994,기타조적구조,40.87,42.21,167.5,53
부산광역시 해운대구 반여동 1291-361,35.1979535,129.1296143,재반로225번길 28-32,다세대,1994,기타조적구조,42.21,42.21,167.5,53
부산광역시 해운대구 반여동 1291-64,35.1978999,129.1330991,재반로226번길 45-9,다세대,1994,기타조적구조,45.36,50.02,197.62,66
부산광역시 해운대구 반여동 1291-1421,35.1979567,129.13348,재반로226번길 51,다세대,1995,기타조적구조,36.44,99.22,458.08,116
부산광역시 해운대구 반여동 1291-1421,35.1979567,129.13348,재반로226번길 51,다세대,1995,기타조적구조,41.485,99.22,458.08,116
부산광역시 해운대구 반여동 1291-1421,35.1979567,129.13348,재반로226번길 51,다세대,1995,기타조적구조,41.485,99.22,458.08,116
부산광역시 해운대구 반여동 1291-393,35.1980674,129.1292406,재반로225번길 36-34,다세대,1994,기타조적구조,40.282,89.15,352.34,120
부산광역시 해운대구 반여동 1291-389,35.1982037,129.1292427,재반로225번길 36-42,다세대,1994,기타조적구조,38.8,89.6,354.2,102
부산광역시 해운대구 반여동 1291-389,35.1982037,129.1292427,재반로225번길 36-42,다세대,1994,기타조적구조,38.8,89.6,354.2,102
부산광역시 해운대구 반여동 1291-343,35.1984397,129.129698,재반로225번길 28-62,다세대,1994,기타조적구조,37.17,46.26,177.18,53
부산광역시 해운대구 반여동 1291-338,35.1985558,129.1298867,재반로225번길 22-73,다세대,1994,기타조적구조,37.44,88.2,348.6,112
부산광역시 해운대구 반여동 1612-19,35.1994185,129.1300203,재반로241번길 22-37,다세대,1996,기타조적구조,45.53,100.74,398.82,129
부산광역시 해운대구 반여동 1596-10,35.1995249,129.1327944,재반로242번길 21-66,다세대,1995,기타조적구조,45.84,102.24,404.7,119
부산광역시 해운대구 반여동 1596-8,35.1996006,129.1328071,재반로242번길 21-70,다세대,1994,기타조적구조,43.68,100.8,399,119
부산광역시 해운대구 반여동 1588-29,35.1998671,129.1346473,재반로256번길 57-9,다세대,1993,기타조적구조,45.335,101.47,401.71,122
부산광역시 해운대구 반여동 1591-27,35.2000001,129.1335047,재반로256번길 37-9,다세대,1995,기타조적구조,48.66,108.04,427.78,132
부산광역시 해운대구 반여동 1591-27,35.2000001,129.1335047,재반로256번길 37-9,다세대,1995,기타조적구조,50.14,108.04,427.78,132
부산광역시 해운대구 반여동 1591-19,35.2003126,129.1335591,재반로256번길 37-29,다세대,1995,기타조적구조,48.73,107.8,427,129
부산광역시 해운대구 반여동 1588-15,35.2004119,129.1347445,재반로256번길 57-51,다세대,1995,기타조적구조,44.14,54.1,209.59,66
부산광역시 해운대구 반여동 1441-90,35.2008353,129.1189236,선수촌로 79-1,단독주택,1972,블록구조,,42.98,42.98,142
부산광역시 해운대구 반여동 1588-6,35.2008279,129.1346504,재반로256번길 51-82,다세대,1995,기타조적구조,49.84,110.2,436.45,129
부산광역시 해운대구 반여동 1582-12,35.2012033,129.134717,재반로270번길 51-10,다세대,1994,기타조적구조,46.39,103.66,413.22,126
부산광역시 해운대구 반여동 1583-12,35.2012452,129.1343437,,다세대,1995,기타조적구조,52.73,55.66,214.61,63
부산광역시 해운대구 반여동 1583-3,35.2015392,129.1345612,재반로270번길 51-33,다세대,1994,철근콘크리트구조,48.785,107.92,427.42,132
부산광역시 해운대구 반여동 1583-1,35.2016208,129.1345761,재반로270번길 51-37,다세대,1994,기타조적구조,49.56,109.2,537.6,129
부산광역시 해운대구 반여동 1579-12,35.2017718,129.134609,재반로270번길 51-49,다세대,1997,철근콘크리트구조,55.31,122.05,488.2,136
부산광역시 해운대구 반여동 1578-11,35.2020634,129.1348691,재반로270번길 51-74,다세대,1994,기타조적구조,50.04,110.16,436.32,132
부산광역시 해운대구 반여동 1576-5,35.2024088,129.1353272,재반로270번길 57-108,다세대,1996,벽돌구조,46.56,56.24,222.74,63
부산광역시 해운대구 반여동 1576-5,35.2024088,129.1353272,재반로270번길 57-108,다세대,1996,벽돌구조,46.56,56.24,222.74,63
부산광역시 해운대구 반여동 1576-5,35.2024088,129.1353272,재반로270번길 57-108,다세대,1996,벽돌구조,46.56,56.24,222.74,63
부산광역시 해운대구 반여동 1575-31,35.2025004,129.1353256,재반로270번길 57-110,다세대,1994,기타조적구조,49.01,110.96,439.46,127
부산광역시 해운대구 반여동 1575-27,35.2025527,129.1355019,재반로282번길 80,다세대,1993,기타조적구조,44.33,52.56,208.05,61.5
부산광역시 해운대구 반여동 1017-5,35.2055632,129.123882,반여로155번길 35-53,단독주택,1980,블록구조,,81.62,81.62,151
부산광역시 해운대구 반여동 938-3,35.2072842,129.1250051,반여로167번길 40-7,단독주택,1973,블록구조,,49.58,49.58,132
부산광역시 해운대구 반여동 981-2,35.2074878,129.1268087,반여로155번가길 57,단독주택,1971,블록구조,,42.98,42.98,210
부산광역시 해운대구 반여동 868,35.2086926,129.1244756,반여로185번길 82,단독주택,1976,블록구조,,66.12,120.33,136
부산광역시 해운대구 반여동 676-2,35.2096035,129.1183417,삼어로133번길 34-19,단독주택,1974,블록구조,,51.9,51.9,175
부산광역시 해운대구 반여동 647,35.2099851,129.1180816,삼어로133번가길 19-16,단독주택,1948,목조,,0,76,339
부산광역시 해운대구 반여동 650-2,35.2101787,129.1176194,삼어로133번가길 19-26,다가구주택,1982,블록구조,,32.56,63.74,41
부산광역시 해운대구 반여동 735-37,35.210633,129.1226749,선수촌로207번나길 20-7,단독주택,1985,벽돌구조,,81.33,81.33,140
부산광역시 해운대구 반여동 809-7,35.2106098,129.1252153,선수촌로 203-2,단독주택,1974,블록구조,,65.7,65.7,182
부산광역시 해운대구 반여동 143-11,35.2115624,129.1295941,선수촌로208번가길 35-3,단독주택,1991,벽돌구조,,0,222.72,143
부산광역시 해운대구 반여동 114-1,35.2119954,129.1312839,선수촌로208번가길 69-12,단독주택,1985,벽돌구조,,142.895,243.175,246
부산광역시 해운대구 반여동 239-1,35.2123802,129.1299955,선수촌로208번길 98-3,단독주택,1988,블록구조,,103.92,185.405,180
부산광역시 해운대구 반여동 245,35.2124667,129.1307778,선수촌로208번길 98-31,단독주택,1969,블록구조,,132.45,156.93,274
부산광역시 해운대구 반여동 119-5,35.2125348,129.1311897,선수촌로208번길 124-6,단독주택,1969,블록구조,,36.36,36.36,106
부산광역시 해운대구 석대동 492-1,35.2195519,129.1245204,반송로 565-18,단독주택,1985,시멘트블럭조,,0,52.8,195
부산광역시 해운대구 반송동 250-2299,35.2198282,129.1530832,아랫반송로90번길 11-19,단독주택,1993,기타조적구조,,29.04,87.12,36.5
부산광역시 해운대구 반송동 250-2331,35.2199979,129.1524675,아랫반송로90번길 19-6,단독주택,1984,블록구조,,25.74,25.74,25
부산광역시 해운대구 반송동 250-2281,35.2200825,129.1530973,아랫반송로90번길 5-13,단독주택,1977,블록구조,,33.84,33.84,43
부산광역시 해운대구 반송동 250-2015,35.2201316,129.151844,아랫반송로80번길 31-20,단독주택,1978,블록구조,,35.86,35.86,46
부산광역시 해운대구 반송동 250-2572,35.220363,129.1501072,아랫반송로70번길 63-18,단독주택,1977,블록구조,,20,20,27
부산광역시 해운대구 석대동 243-2,35.2207303,129.1288407,반송로607번길 3-10,단독주택,1974,시멘트블럭조,,0,84.31,486
부산광역시 해운대구 반송동 250-2579,35.220388,129.1501909,아랫반송로70번길 63-17,단독주택,1977,블록구조,,31.24,31.24,48
부산광역시 해운대구 반송동 250-2116,35.2204643,129.1524899,아랫반송로80번길 11-21,단독주택,1979,블록구조,,30,30,46
부산광역시 해운대구 반송동 250-2162,35.2204673,129.1527373,아랫반송로90번길 4,단독주택,1980,블록구조,,30,30,46
부산광역시 해운대구 반송동 250-2576,35.2205856,129.1500627,아랫반송로70번길 63-9,단독주택,1977,블록구조,,39.44,39.44,48
부산광역시 해운대구 반송동 250-2158,35.2205648,129.152645,아랫반송로80번길 5-21,단독주택,1974,블록구조,,19.2,19.2,46
부산광역시 해운대구 반송동 250-2156,35.2206529,129.1526584,아랫반송로 86-1,단독주택,1985,블록구조,,40,40,46
부산광역시 해운대구 반송동 250-1884,35.2207257,129.1511933,아랫반송로70번길 37-21,다세대,1995,기타조적구조,36.85,83.16,332.64,93
부산광역시 해운대구 반송동 250-1884,35.2207257,129.1511933,아랫반송로70번길 37-21,다세대,1995,기타조적구조,36.85,83.16,332.64,93
부산광역시 해운대구 반송동 250-2153,35.220712,129.1525058,아랫반송로80번길 5-15,단독주택,1980,블록구조,,42.32,42.32,46
부산광역시 해운대구 반송동 250-2150,35.2207634,129.152457,아랫반송로80번길 5-13,단독주택,1974,블록구조,,25.76,25.76,46
부산광역시 해운대구 반송동 250-2559,35.2208093,129.1501434,아랫반송로70번길 57-4,단독주택,1980,블록구조,,36.7,36.7,53
부산광역시 해운대구 반송동 250-1954,35.2208813,129.1505222,아랫반송로70번길 49-11,단독주택,1992,벽돌구조,,23.76,65.88,27
부산광역시 해운대구 반송동 250-2146,35.2208636,129.1523621,아랫반송로80번길 5-9,단독주택,1985,블록구조,,20.36,20.36,46
부산광역시 해운대구 반송동 250-2133,35.2209026,129.1521714,아랫반송로80번길 5-6,다가구주택,1998,기타조적구조,,41.275,100.31,46
부산광역시 해운대구 반송동 250-1894,35.220985,129.1510399,아랫반송로70번길 31-14,단독주택,1982,블록구조,,34.94,67.59,46
부산광역시 해운대구 반송동 250-2414,35.2209834,129.1528753,아랫반송로79번길 10-14,다세대,1996,철근콘크리트구조,37.585,85.73,342.92,97
부산광역시 해운대구 반송동 250-1897,35.221035,129.1509926,아랫반송로70번길 31-12,단독주택,1970,블록구조,,32.64,32.64,46
부산광역시 해운대구 반송동 250-2403,35.2210589,129.1516872,아랫반송로70번길 19-23,단독주택,1994,철근콘크리트구조,,132,451.84,150
부산광역시 해운대구 반송동 250-1221,35.2211506,129.1503615,아랫반송로70번길 46,단독주택,1974,블록구조,,18.56,18.56,18
부산광역시 해운대구 반송동 250-1220,35.2211762,129.1503369,아랫반송로60번길 43-28,단독주택,1977,블록구조,,23.3,23.3,29
부산광역시 해운대구 반송동 250-1858,35.221314,129.1509277,아랫반송로70번길 31-3,단독주택,1985,블록구조,,76.9,76.9,46
부산광역시 해운대구 반송동 250-1803,35.2213168,129.1516881,아랫반송로70번길 11-15,다가구주택,1980,블록구조,,34.45,34.45,50
부산광역시 해운대구 반송동 250-2395,35.2213419,129.1515146,아랫반송로70번길 11-16,단독주택,1981,블록구조,,29.26,51.94,36
부산광역시 해운대구 반송동 250-2676,35.2213467,129.1511993,아랫반송로70번길 19-8,다가구주택,1992,벽돌구조,,26.68,53.36,30
부산광역시 해운대구 반송동 744-160,35.2213934,129.1485607,아랫반송로50번길 91-24,단독주택,1977,블록구조,,55.5,55.5,67
부산광역시 해운대구 반송동 250-1740,35.2214174,129.1524595,아랫반송로79번길 7,단독주택,1977,블록구조,,42.21,67.49,46
부산광역시 해운대구 반송동 250-1208,35.2214628,129.1500665,아랫반송로60번길 43-16,단독주택,1976,블록구조,,31.4,31.4,50
부산광역시 해운대구 반송동 250-1191,35.2215051,129.1497761,아랫반송로60번길 49-10,단독주택,1973,블록구조,,28.8,28.8,36
부산광역시 해운대구 반송동 250-1283,35.2214974,129.1508107,아랫반송로70번길 28,다세대,1996,철근콘크리트구조,39.94,89.78,359.12,100
부산광역시 해운대구 반송동 250-1205,35.2215239,129.1499142,아랫반송로60번길 49-11,다세대,1992,벽돌구조,35.32,43.56,174.24,50
부산광역시 해운대구 반송동 250-1192,35.2215476,129.149736,아랫반송로60번길 49-8,단독주택,1973,블록구조,,32.31,32.31,50
부산광역시 해운대구 반송동 250-1243,35.2216486,129.1501431,아랫반송로60번길 37-12,단독주택,1985,블록구조,,40.97,40.97,66
부산광역시 해운대구 반송동 250-1269,35.2216722,129.1503949,아랫반송로60번길 31-16,다가구주택,2001,기타조적구조,,44.22,120.36,50
부산광역시 해운대구 반송동 250-1816,35.2216566,129.1514645,아랫반송로70번길 5-4,단독주택,1983,블록구조,,33.51,62.4,50
부산광역시 해운대구 반송동 250-1152,35.2219972,129.1484347,아랫반송로50번길 75-3,단독주택,1985,블록구조,,54,54,304
부산광역시 해운대구 반송동 744-126,35.2219773,129.1477631,아랫반송로30번길 146-6,단독주택,2001,철근콘크리트구조,,37.26,74.52,42
부산광역시 해운대구 반송동 250-2373,35.2219977,129.1508089,아랫반송로60번길 19-13,다가구주택,1991,벽돌구조,,35.84,107.52,43
부산광역시 해운대구 반송동 744-118,35.2220627,129.1476233,아랫반송로30번길 146-10,다가구주택,1991,벽돌구조,,24.19,72.57,28
부산광역시 해운대구 반송동 250-1040,35.2220476,129.1497693,아랫반송로50번길 37-24,단독주택,1970,블록구조,,22.31,22.31,50
부산광역시 해운대구 반송동 250-1038,35.2220576,129.1496642,아랫반송로50번길 43-25,단독주택,1976,블록구조,,33.42,33.42,50
부산광역시 해운대구 반송동 250-1307,35.2220682,129.1502702,아랫반송로60번길 27,단독주택,1985,블록구조,,45.44,45.44,50
부산광역시 해운대구 반송동 250-1483,35.2222866,129.1519879,아랫반송로59번길 18-26,단독주택,1978,블록구조,,37.2,37.2,46
부산광역시 해운대구 반송동 744-234,35.2223763,129.1475847,아랫반송로30번길 127-6,다세대,1995,기타조적구조,31.95,71.82,287.28,81
부산광역시 해운대구 반송동 744-237,35.2223835,129.1476675,아랫반송로30번길 131-7,단독주택,1985,블록구조,,28.49,28.49,78
부산광역시 해운대구 반송동 250-1650,35.2223279,129.1526373,아랫반송로69번길 30-5,단독주택,1979,시멘트블럭조,,0,36,46
부산광역시 해운대구 반송동 250-1489,35.2224003,129.1521675,아랫반송로59번길 24-26,단독주택,1977,블록구조,,34.61,34.61,46
부산광역시 해운대구 반송동 250-954,35.2224956,129.1500258,아랫반송로50번길 25-17,단독주택,1979,블록구조,,29.2,29.2,40
부산광역시 해운대구 반송동 250-1534,35.222461,129.152262,아랫반송로59번길 24-25,단독주택,1980,블록구조,,29.74,29.74,46
부산광역시 해운대구 반송동 250-1013,35.2225672,129.1494594,아랫반송로50번길 37-5,단독주택,1971,블록구조,,42.98,42.98,50
부산광역시 해운대구 반송동 250-975,35.2226153,129.1496636,아랫반송로50번길 31-7,단독주택,1984,블록구조,,42.9,42.9,50
부산광역시 해운대구 반송동 250-1500,35.2226496,129.1519321,아랫반송로59번길 24-16,단독주택,1974,블록구조,,39.78,39.78,46
부산광역시 해운대구 반송동 250-1501,35.2227007,129.1518838,아랫반송로59번길 24-14,다가구주택,1977,기타조적구조,,41.28,116.88,46
부산광역시 해운대구 반송동 250-1522,35.2227614,129.1519791,아랫반송로59번길 24-13,단독주택,1979,블록구조,,31,31,46
부산광역시 해운대구 반송동 250-582,35.2230101,129.1492926,아랫반송로40번길 31-21,다세대,1999,철근콘크리트구조,38.15,87.1,348.4,100
부산광역시 해운대구 반송동 250-1566,35.2231717,129.1521202,아랫반송로59번길 38-5,다세대,1992,기타조적구조,34.87,40.26,170.94,46
부산광역시 해운대구 반송동 250-501,35.2232907,129.1498582,아랫반송로40번길 11-21,단독주택,1980,블록구조,,29.39,54.55,41
부산광역시 해운대구 반송동 250-1615,35.2232928,129.152557,아랫반송로59번길 50-9,단독주택,1977,시멘트블럭조,,0,43.67,99
부산광역시 해운대구 반송동 250-704,35.2235074,129.1517906,아랫반송로49번길 38-19,단독주택,1977,블록구조,,38.94,38.94,50
부산광역시 해운대구 반송동 250-683,35.2237983,129.1517573,아랫반송로49번길 42-11,단독주택,1979,블록구조,,36.8,36.8,50
부산광역시 해운대구 반송동 250-73,35.2239409,129.1482636,아랫반송로30번길 31-8,단독주택,1977,블록구조,,46.24,46.24,50
부산광역시 해운대구 반송동 250-388,35.2239237,129.1507221,아랫반송로39번길 24-20,단독주택,1974,블록구조,,30.98,30.98,50
부산광역시 해운대구 반송동 744-69,35.2240186,129.1473983,반송로790번길 26-1,단독주택,1974,블록구조,,59.32,59.32,99
부산광역시 해운대구 반송동 250-384,35.2240235,129.1506284,아랫반송로39번길 24-16,단독주택,1977,블록구조,,33,33,50
부산광역시 해운대구 반송동 250-376,35.2242232,129.1504408,아랫반송로39번길 24-8,다세대,1992,철근콘크리트구조,46.2,89.7,350.26,100
부산광역시 해운대구 반송동 250-32,35.2243688,129.1482722,아랫반송로30번길 26-4,단독주택,1977,벽돌구조,,33.6,33.6,40
부산광역시 해운대구 반송동 744-61,35.2247274,129.1470583,아랫반송로6번길 17-15,단독주택,1973,블록구조,,45.28,45.28,106
부산광역시 해운대구 반송동 254-9,35.2254324,129.1497864,아랫반송로21번길 6-35,단독주택,1977,블록구조,,33.88,33.88,51
부산광역시 해운대구 반송동 257-92,35.225954,129.1494237,아랫반송로21번길 24-25,단독주택,1970,블록구조,,42.98,42.98,50
부산광역시 해운대구 반송동 257-41,35.2263885,129.1489115,아랫반송로21번길 42-12,다세대,1992,철근콘크리트구조,35.54,94.52,378.08,106
부산광역시 해운대구 반송동 683-12,35.2277095,129.1461545,반송로 827,아파트,1985,철근콘크리트구조,66.24,1071.27,4460.46,7116
부산광역시 해운대구 반송동 803-38,35.227595,129.1493626,아랫반송로21번길 88-22,다세대,1999,철근콘크리트구조,25.22,29.92,119.68,35
부산광역시 해운대구 반송동 275-525,35.2277016,129.1492243,아랫반송로21번길 88-17,단독주택,1970,블록구조,,29.93,54.94,50
부산광역시 해운대구 반송동 275-443,35.2277522,129.1481005,아랫반송로21번길 87-14,단독주택,1978,블록구조,,46.24,46.24,50
부산광역시 해운대구 반송동 275-573,35.2284452,129.1494237,아랫반송로21번길 120-20,단독주택,1986,시멘트벽돌조,,0,190,50
부산광역시 해운대구 반송동 275-606,35.2285695,129.1497442,반송순환로 213,다세대,1995,기타조적구조,37.35,92.15,356.64,103
부산광역시 해운대구 반송동 275-686,35.2294763,129.1490558,아랫반송로21번길 156-10,다가구주택,1977,블록구조,,38.98,38.98,53
부산광역시 해운대구 반송동 275-19,35.2296199,129.1493809,아랫반송로5번길 190-8,단독주택,1976,블록구조,,40.99,40.99,50
부산광역시 해운대구 반송동 216-102,35.2299649,129.154794,윗반송로51번길 31-19,단독주택,1977,블록구조,,25.56,43.21,36
부산광역시 해운대구 반송동 311-237,35.2301489,129.1527511,윗반송로13번길 47-12,단독주택,1976,블록구조,,21.16,21.16,33
부산광역시 해운대구 반송동 311-100,35.2302112,129.1528115,윗반송로13번길 51-13,다가구주택,1992,벽돌구조,,28.56,85.68,33
부산광역시 해운대구 반송동 216-48,35.2301696,129.1550238,윗반송로51번길 37-16,단독주택,1985,블록구조,,25.88,47.94,32
부산광역시 해운대구 반송동 216-62,35.2301844,129.1546955,윗반송로51번길 37-27,단독주택,1981,블록구조,,30.15,60.3,36
부산광역시 해운대구 반송동 216-291,35.2301907,129.1553496,윗반송로51번길 43-6,단독주택,1996,벽돌구조,,28.61,37.47,33
부산광역시 해운대구 반송동 311-40,35.2302683,129.1537475,윗반송로31번길 21-3,단독주택,1980,블록구조,,22.48,22.48,36
부산광역시 해운대구 반송동 311-38,35.2303096,129.1536558,윗반송로31번길 21-7,단독주택,1974,블록구조,,31.74,31.74,36
부산광역시 해운대구 반송동 93,35.230241,129.159946,신반송로 194,아파트,1988,철근콘크리트구조,43.97,1867.98,10011.9,7710
부산광역시 해운대구 반송동 311-36,35.2303517,129.1535655,윗반송로31번길 21-11,단독주택,1985,블록구조,,31,31,36
부산광역시 해운대구 반송동 311-27,35.2303665,129.1537538,윗반송로31번길 21-6,단독주택,1977,블록구조,,29.9,29.9,30
부산광역시 해운대구 반송동 311-21,35.2304442,129.1537441,윗반송로31번길 27-9,단독주택,1973,시멘트블럭조,,0,33,36
부산광역시 해운대구 반송동 311-10,35.2304838,129.1538212,윗반송로31번길 27-8,단독주택,1985,블록구조,,25.9,25.9,13
부산광역시 해운대구 반송동 324-8,35.2305055,129.1532629,반송로916번길 46-1,단독주택,1977,블록구조,,81.97,81.97,136
부산광역시 해운대구 반송동 311-17,35.2305273,129.1535609,윗반송로31번길 27-15,다가구주택,1985,블록구조,,24.16,24.16,36
부산광역시 해운대구 반송동 214-11,35.2305432,129.1550752,윗반송로51번길 53-21,단독주택,1985,블록구조,,22.19,22.19,33
부산광역시 해운대구 반송동 324-17,35.2306181,129.1530917,반송로892번길 34-4,단독주택,1976,블록구조,,70,70,132
부산광역시 해운대구 반송동 62-552,35.2306285,129.1564111,윗반송로51번길 72-21,단독주택,1980,블록구조,,21.23,37.86,33
부산광역시 해운대구 반송동 62-528,35.2307313,129.1563647,윗반송로51번길 78-18,단독주택,1969,블록구조,,30.41,30.41,36
부산광역시 해운대구 반송동 356-6,35.2308129,129.1523989,반송로892번길 17-4,단독주택,1978,블록구조,,55.46,55.46,93
부산광역시 해운대구 반송동 62-527,35.2307486,129.1563235,윗반송로51번길 78-16,단독주택,1992,기타조적구조,,31.57,109.06,36
부산광역시 해운대구 반송동 62-519,35.2307697,129.1565083,윗반송로51번길 78-21,다가구주택,1985,블록구조,,23.89,44.26,30
부산광역시 해운대구 반송동 62-520,35.2307881,129.1564654,윗반송로51번길 78-19,단독주택,1977,블록구조,,24.2,24.2,32
부산광역시 해운대구 반송동 360-14,35.2309202,129.1521397,반송로892번길 17-7,다가구주택,1980,블록구조,,56.21,99.96,110
부산광역시 해운대구 반송동 40-1122,35.2308713,129.1551968,윗반송로51번길 65-25,단독주택,1982,블록구조,,36.01,59.4,52
부산광역시 해운대구 반송동 40-1107,35.230872,129.1554447,윗반송로51번길 65-18,단독주택,1977,블록구조,,47.6,47.6,53
부산광역시 해운대구 반송동 328-16,35.2309672,129.1540124,윗반송로31번길 45-12,단독주택,1978,블록구조,,30.24,30.24,31
부산광역시 해운대구 반송동 40-1100,35.2309722,129.1552148,윗반송로51번길 65-26,단독주택,1978,블록구조,,49.6,92.6,102
부산광역시 해운대구 반송동 93-6,35.2307989,129.1610369,신반송로 194,아파트,1990,철근콘크리트구조,55.745,703.03,3282.26,9218
부산광역시 해운대구 반송동 93-6,35.2307989,129.1610369,신반송로 194,아파트,1990,철근콘크리트구조,55.745,827,3455.71,9218
부산광역시 해운대구 반송동 93-6,35.2307989,129.1610369,신반송로 194,아파트,1990,철근콘크리트구조,55.745,827,3455.71,9218
부산광역시 해운대구 반송동 93-6,35.2307989,129.1610369,신반송로 194,아파트,1990,철근콘크리트구조,55.745,703.03,3282.26,9218
부산광역시 해운대구 반송동 62-412,35.231115,129.1572383,윗반송로51번길 104-38,다가구주택,1977,블록구조,,24.94,24.94,36
부산광역시 해운대구 반송동 646-8,35.2313017,129.1478133,반송로867번길 33-9,단독주택,1983,블록구조,,46.54,76.78,109
부산광역시 해운대구 반송동 327-6,35.2311786,129.1543436,윗반송로31번길 57-6,단독주택,1977,블록구조,,27,27,47
부산광역시 해운대구 반송동 40-754,35.2311851,129.1564624,윗반송로51번길 92-9,단독주택,1980,블록구조,,22.59,44.18,33
부산광역시 해운대구 반송동 40-743,35.2312099,129.1565857,윗반송로51번길 98-14,다가구주택,1981,블록구조,,23.1,23.1,36
부산광역시 해운대구 반송동 62-429,35.2312385,129.1567706,윗반송로51번길 98-19,단독주택,1985,블록구조,,18.63,18.63,32
부산광역시 해운대구 반송동 40-690,35.2313841,129.1557551,윗반송로51번길 91-17,단독주택,1995,기타조적구조,,29.25,87.75,33
부산광역시 해운대구 반송동 22-126,35.231412,129.1542259,윗반송로31번길 63-14,단독주택,1973,블록구조,,40,68.1,69
부산광역시 해운대구 반송동 40-733,35.231428,129.1565104,윗반송로51번길 104-6,단독주택,1981,블록구조,,34.71,34.71,35
부산광역시 해운대구 반송동 62-323,35.2314866,129.157316,윗반송로51번길 116-32,다가구주택,1977,블록구조,,53,53,36
부산광역시 해운대구 반송동 40-632,35.231563,129.1559875,윗반송로51번길 95-16,단독주택,1994,기타조적구조,,29.82,101.64,34
부산광역시 해운대구 반송동 40-599,35.2316038,129.1560719,윗반송로51번길 101-11,단독주택,1977,블록구조,,29.04,29.04,36
부산광역시 해운대구 반송동 331-12,35.2316521,129.1540448,반송로916번길 20,단독주택,1977,블록구조,,70.32,70.32,133
부산광역시 해운대구 반송동 62-317,35.2315966,129.157059,윗반송로51번길 116-22,단독주택,1973,블록구조,,32.73,32.73,34
부산광역시 해운대구 반송동 40-604,35.2317012,129.15585,윗반송로51번길 101-21,단독주택,1978,블록구조,,23.14,41,36
부산광역시 해운대구 반송동 62-276,35.2316866,129.1572811,윗반송로51번길 122-26,단독주택,1971,블록구조,,18.84,18.84,36
부산광역시 해운대구 반송동 332-23,35.2317453,129.1539608,반송로916번길 14-1,단독주택,1979,블록구조,,61.68,61.68,137
부산광역시 해운대구 반송동 62-255,35.2319532,129.1569091,윗반송로51번길 122-7,단독주택,1981,블록구조,,18.68,18.68,31
부산광역시 해운대구 반송동 40-510,35.2319918,129.1564468,윗반송로51번길 117-8,단독주택,1972,블록구조,,27.15,27.15,36
부산광역시 해운대구 반송동 384-7,35.2320949,129.1520041,반송로901번길 10-3,단독주택,1977,블록구조,,55.36,55.36,102
부산광역시 해운대구 반송동 641-5,35.2321936,129.1467046,운봉길 83-5,단독주택,1986,벽돌구조,,58.68,58.68,163
부산광역시 해운대구 반송동 40-475,35.232088,129.1563939,윗반송로51번길 123-11,단독주택,1977,블록구조,,24.1,24.1,36
부산광역시 해운대구 반송동 62-187,35.2320725,129.1575343,윗반송로51번길 136-27,단독주택,1979,블록구조,,19.84,39,33
부산광역시 해운대구 반송동 73-9,35.2320806,129.1576839,윗반송로 91,다가구주택,1978,블록구조,,28.99,54,34
부산광역시 해운대구 반송동 73-10,35.2320806,129.1576839,윗반송로51번길 142-30,단독주택,1978,블록구조,,25.99,45,30
부산광역시 해운대구 반송동 40-502,35.2321478,129.1560867,윗반송로51번길 117-24,단독주택,1981,블록구조,,22.35,42.12,33
부산광역시 해운대구 반송동 40-467,35.232148,129.1564894,윗반송로51번길 123-10,단독주택,1969,시멘트블럭조,,0,54.4,30
부산광역시 해운대구 반송동 62-152,35.2321607,129.1577221,윗반송로51번길 142-29,단독주택,1980,블록구조,,28.1,44.64,45
부산광역시 해운대구 반송동 40-481,35.232205,129.1561238,윗반송로51번길 123-23,단독주택,1982,블록구조,,27.57,39.54,36
부산광역시 해운대구 반송동 62-153,35.2321867,129.1576654,윗반송로51번길 142-27,단독주택,1980,블록구조,,22.64,41.8,34
부산광역시 해운대구 반송동 40-482,35.2322256,129.156076,윗반송로51번길 123-25,단독주택,1978,블록구조,,25.7,25.7,33
부산광역시 해운대구 반송동 40-463,35.2322263,129.1563113,윗반송로51번길 123-18,단독주택,1984,블록구조,,24.76,49.16,32
부산광역시 해운대구 반송동 62-156,35.2322434,129.1575363,윗반송로51번길 142-21,단독주택,1985,블록구조,,22.77,22.77,31
부산광역시 해운대구 반송동 40-460,35.2322853,129.1561771,윗반송로51번길 123-24,단독주택,1977,블록구조,,23.75,23.75,36
부산광역시 해운대구 반송동 40-424,35.2324053,129.1563112,윗반송로51번길 127-22,단독주택,1985,블록구조,,25.85,48.15,29
부산광역시 해운대구 반송동 40-450,35.2325468,129.155761,윗반송로35번길 126,단독주택,1978,시멘트블럭조,,0,85.05,36
부산광역시 해운대구 반송동 40-367,35.2325307,129.1566597,윗반송로51번길 141-13,단독주택,1977,블록구조,,26.04,26.04,36
부산광역시 해운대구 반송동 62-129,35.2325423,129.1572472,윗반송로51번길 146-7,단독주택,1982,블록구조,,31.74,63.48,36
부산광역시 해운대구 반송동 22-11,35.2325792,129.1552712,윗반송로31번길 119-5,단독주택,1977,블록구조,,32.85,32.85,33
부산광역시 해운대구 반송동 62-127,35.2325585,129.1573779,윗반송로51번길 152-12,단독주택,1976,블록구조,,17.52,17.52,36
부산광역시 해운대구 반송동 22-12,35.2325978,129.1552284,윗반송로31번길 119-7,단독주택,1977,블록구조,,27.44,27.44,33
부산광역시 해운대구 반송동 18-32,35.2326653,129.1550748,윗반송로31번길 119-13,다세대,1996,철근콘크리트구조,48.14,58.48,233.92,68
부산광역시 해운대구 반송동 40-374,35.2326742,129.1563342,윗반송로51번길 141-25,단독주택,1977,블록구조,,21.05,21.05,36
부산광역시 해운대구 반송동 15-62,35.2327149,129.1549631,윗반송로31번길 119-17,단독주택,1984,블록구조,,24.58,46.99,37
부산광역시 해운대구 반송동 40-329,35.2327835,129.1567042,윗반송로51번길 145-18,단독주택,1978,블록구조,,23.8,34,34
부산광역시 해운대구 반송동 40-271,35.232892,129.1570183,윗반송로51번길 157-9,다가구주택,1978,블록구조,,24.08,24.08,31
부산광역시 해운대구 반송동 62-46,35.2328926,129.1577163,윗반송로51번길 166-15,다가구주택,1993,기타조적구조,,29.7,89.1,34
부산광역시 해운대구 반송동 62-44,35.2329168,129.157823,윗반송로51번길 170-18,다가구주택,2004,벽돌구조,,59.8,146.28,71
부산광역시 해운대구 반송동 62-37,35.2330106,129.1576134,윗반송로51번길 170-10,단독주택,1979,시멘트블럭조,,0,23.8,33
부산광역시 해운대구 반송동 62-36,35.233031,129.1575671,윗반송로51번길 170-8,단독주택,1979,블록구조,,22.15,42.6,36
부산광역시 해운대구 반송동 40-280,35.2330751,129.156599,윗반송로51번길 157-25,단독주택,1977,블록구조,,30.15,30.15,34
부산광역시 해운대구 반송동 62-22,35.2330877,129.1576646,윗반송로51번길 170-9,단독주택,1979,기타조적구조,,29.4,58.8,33
부산광역시 해운대구 반송동 40-290,35.2331231,129.1563257,윗반송로51번길 151-34,단독주택,1980,블록구조,,54.61,103.3,33
부산광역시 해운대구 반송동 40-241,35.233117,129.156981,윗반송로51번길 165-15,다가구주택,1978,블록구조,,23,23,33
부산광역시 해운대구 반송동 40-242,35.2331374,129.1569347,윗반송로51번길 165-17,단독주택,1982,시멘트블럭조,,0,44.84,33
부산광역시 해운대구 반송동 59-50,35.233207,129.1582441,반송로948번길 39,단독주택,1980,블록구조,,31.14,52.54,36
부산광역시 해운대구 반송동 40-211,35.2332519,129.1570687,윗반송로51번길 169-15,단독주택,1978,블록구조,,26.7,26.7,34
부산광역시 해운대구 반송동 7-215,35.2333608,129.1574425,윗반송로51번길 177,단독주택,1991,벽돌구조,,96.6,434.7,110
부산광역시 해운대구 반송동 59-24,35.2333694,129.1584356,윗반송로51번길 194-28,다세대,1998,철근콘크리트구조,40.03,54.61,198.32,58.13
부산광역시 해운대구 반송동 757-102,35.2334462,129.1580937,윗반송로51번길 188-15,단독주택,1970,블록구조,,31.74,31.74,37
부산광역시 해운대구 반송동 40-145,35.2335303,129.1575224,반송로948번길 25,단독주택,1979,블록구조,,57.85,103.6,76
부산광역시 해운대구 반송동 7-193,35.2336954,129.1575408,윗반송로51번길 187-10,다세대,1995,기타조적구조,41.88,93.84,375.36,111
부산광역시 해운대구 반송동 40-137,35.2337067,129.1571272,반송로948번길 15-1,단독주택,1976,블록구조,,24.13,24.13,36
부산광역시 해운대구 반송동 7-149,35.2337478,129.1581985,윗반송로51번길 200-13,단독주택,1977,시멘트블럭조,,0,48.5,72
부산광역시 해운대구 반송동 7-150,35.2337804,129.1581255,윗반송로51번길 200-9,단독주택,1987,블록구조,,21.82,21.82,40
부산광역시 해운대구 반송동 54-59,35.2338721,129.1589359,윗반송로51번길 218-34,단독주택,1985,블록구조,,24.85,24.85,53
부산광역시 해운대구 반송동 54-57,35.2339073,129.1588594,윗반송로51번길 218-30,다세대,1997,철근콘크리트구조,52.64,62.3,249.2,74
부산광역시 해운대구 반송동 40-76,35.2339921,129.1572639,윗반송로51번길 193-24,단독주택,1976,블록구조,,23.47,23.47,36
부산광역시 해운대구 반송동 54-44,35.2340143,129.1588432,윗반송로51번길 218-25,단독주택,1976,블록구조,,35.7,57.12,37
부산광역시 해운대구 반송동 7-106,35.2340756,129.1583208,윗반송로51번길 212-9,단독주택,1977,블록구조,,23.2,39.06,36
부산광역시 해운대구 반송동 40-48,35.2341065,129.1573976,윗반송로51번길 199-22,단독주택,1980,시멘트블럭조,,0,20.94,36
부산광역시 해운대구 반송동 7-79,35.2341879,129.1584591,윗반송로51번길 218-11,단독주택,1976,블록구조,,22.6,22.6,40
부산광역시 해운대구 반송동 7-76,35.2342253,129.158547,윗반송로51번길 224-14,단독주택,1978,시멘트블럭조,,0,26.4,37
부산광역시 해운대구 반송동 7-85,35.2343515,129.1580932,윗반송로51번길 217-6,단독주택,1977,시멘트블럭조,,0,56.1,36
부산광역시 해운대구 반송동 7-57,35.2343449,129.1584895,윗반송로51번길 224-9,단독주택,1978,블록구조,,24.76,24.76,40
부산광역시 해운대구 반송동 40-13,35.2343579,129.1578514,윗반송로51번길 217-13,단독주택,1980,시멘트블럭조,,0,48.4,31
부산광역시 해운대구 반송동 7-59,35.234398,129.1583689,윗반송로51번길 226,다가구주택,1977,블록구조,,68.6,126.13,69
부산광역시 해운대구 반송동 40-5,35.2344581,129.1578542,윗반송로51번길 217-16,단독주택,1977,블록구조,,29.48,29.48,38
부산광역시 해운대구 반송동 54-6,35.2344556,129.1588439,윗반송로51번길 236-16,단독주택,1977,블록구조,,33,57.99,48
부산광역시 해운대구 반송동 40-9,35.2344801,129.1578046,윗반송로51번길 217-18,단독주택,1980,블록구조,,24.76,48.54,36
부산광역시 해운대구 반송동 6-155,35.2345603,129.1577919,윗반송로51번길 223-19,다가구주택,1994,기타조적구조,,31.02,93.06,40
부산광역시 해운대구 반송동 6-141,35.234613,129.1578951,윗반송로51번길 223-18,단독주택,1980,블록구조,,24.86,49.72,37
부산광역시 해운대구 반송동 6-146,35.2347225,129.1576497,윗반송로51번길 223-28,단독주택,1978,블록구조,,21,21,37
부산광역시 해운대구 반송동 7-7,35.2348695,129.1586999,윗반송로51번길 248-6,단독주택,1971,블록구조,,33.77,33.77,29
부산광역시 해운대구 반송동 566,35.2366969,129.1431812,운봉길186번길 28-4,단독주택,1941,일반목구조,,39.67,39.67,215
부산광역시 해운대구 반송동 549-1,35.2375953,129.1422856,운봉길186번길 56,단독주택,1981,기타조적구조,,179.42,179.42,976